num,category,method_name,description,output_pattern,procedure_file
1,collaboration,Stakeholder Round Table,Convene multiple personas to contribute diverse perspectives - essential for requirements gathering and finding balanced solutions across competing interests,perspectives → synthesis → alignment,
2,collaboration,Expert Panel Review,Assemble domain experts for deep specialized analysis - ideal when technical depth and peer review quality are needed,expert views → consensus → recommendations,
3,collaboration,Debate Club Showdown,Two personas argue opposing positions while a moderator scores points - great for exploring controversial decisions and finding middle ground,thesis → antithesis → synthesis,
4,collaboration,User Persona Focus Group,Gather your product's user personas to react to proposals and share frustrations - essential for validating features and discovering unmet needs,reactions → concerns → priorities,
5,collaboration,Time Traveler Council,Past-you and future-you advise present-you on decisions - powerful for gaining perspective on long-term consequences vs short-term pressures,past wisdom → present choice → future impact,
6,collaboration,Cross-Functional War Room,Product manager + engineer + designer tackle a problem together - reveals trade-offs between feasibility desirability and viability,constraints → trade-offs → balanced solution,
7,collaboration,Mentor and Apprentice,Senior expert teaches junior while junior asks naive questions - surfaces hidden assumptions through teaching,explanation → questions → deeper understanding,
8,collaboration,Good Cop Bad Cop,Supportive persona and critical persona alternate - finds both strengths to build on and weaknesses to address,encouragement → criticism → balanced view,
9,collaboration,Improv Yes-And,Multiple personas build on each other's ideas without blocking - generates unexpected creative directions through collaborative building,idea → build → build → surprising result,
10,collaboration,Customer Support Theater,Angry customer and support rep roleplay to find pain points - reveals real user frustrations and service gaps,complaint → investigation → resolution → prevention,
11,advanced,Tree of Thoughts,Explore multiple reasoning paths simultaneously then evaluate and select the best - perfect for complex problems with multiple valid approaches,paths → evaluation → selection,
12,advanced,Graph of Thoughts,Model reasoning as an interconnected network of ideas to reveal hidden relationships - ideal for systems thinking and discovering emergent patterns,nodes → connections → patterns,
13,advanced,Thread of Thought,Maintain coherent reasoning across long contexts by weaving a continuous narrative thread - essential for RAG systems and maintaining consistency,context → thread → synthesis,
14,advanced,Self-Consistency Validation,Generate multiple independent approaches then compare for consistency - crucial for high-stakes decisions where verification matters,approaches → comparison → consensus,
15,advanced,Meta-Prompting Analysis,Step back to analyze the approach structure and methodology itself - valuable for optimizing prompts and improving problem-solving,current → analysis → optimization,
16,advanced,Reasoning via Planning,Build a reasoning tree guided by world models and goal states - excellent for strategic planning and sequential decision-making,model → planning → strategy,
17,advanced,Abstraction Laddering,Move up (why does this matter?) and down (how specifically?) levels of abstraction to find optimal framing,concrete → abstract → concrete → optimal level,methods/method-procedures/017_Abstraction_Laddering.md
18,advanced,Analogical Reasoning,Find structurally similar problems in other domains and adapt their solutions - powerful for cross-domain innovation,structure → analogy → mapping → adaptation,
19,advanced,Steelmanning,State opposing argument in its STRONGEST form before critiquing - ensures fair engagement with alternative views,opposing view → strongest form → fair critique,
20,advanced,Bayesian Updating,Explicitly update confidence levels when new evidence arrives - prevents both overreaction and underreaction to information,prior → evidence → likelihood → posterior,
21,competitive,Red Team vs Blue Team,Adversarial attack-defend analysis to find vulnerabilities - critical for security testing and building robust solutions,defense → attack → hardening,
22,competitive,Shark Tank Pitch,Entrepreneur pitches to skeptical investors who poke holes - stress-tests business viability and forces clarity on value proposition,pitch → challenges → refinement,
23,competitive,Code Review Gauntlet,Senior devs with different philosophies review the same code - surfaces style debates and finds consensus on best practices,reviews → debates → standards,
24,competitive,War Gaming,Model competitive dynamics with intelligent adversaries optimizing their positions - reveals likely equilibria and strategic options,players → moves → counter-moves → equilibrium,
25,competitive,Negotiation Simulation,Simulate negotiation with realistic opponent to find ZOPA and optimal settlement - preparation for real negotiations,positions → interests → ZOPA → settlement,
26,competitive,Competitive Intelligence,Analyze competitor moves to infer strategy and predict next actions - essential for strategic positioning,competitor → moves → patterns → predictions,
27,competitive,Standards Battle,Analyze competing approaches vying for dominance considering network effects and ecosystem dynamics,standards → analysis → dynamics → prediction,
28,competitive,Talent Competition,Evaluate candidates against weighted criteria with sensitivity testing - structured comparison for hiring and selection,criteria → evaluation → ranking → recommendation,
29,competitive,Market Entry Simulation,Model incumbent response to your market entry - tests if strategy survives competitive reaction,entry → response → counter → equilibrium,
30,competitive,Devil's Advocate Council,Multiple adversaries attack proposal from different angles (cost/risk/ethics) - comprehensive stress test,proposal → attacks → defenses → refined decision,
31,technical,Architecture Decision Records,Multiple architect personas propose and debate architectural choices with explicit trade-offs - ensures decisions are well-reasoned and documented,options → trade-offs → decision → rationale,
32,technical,Rubber Duck Debugging Evolved,Explain your code to progressively more technical ducks until you find the bug - forces clarity at multiple abstraction levels,simple → detailed → technical → aha,
33,technical,Algorithm Olympics,Multiple approaches compete on the same problem with benchmarks - finds optimal solution through direct comparison,implementations → benchmarks → winner,
34,technical,Security Audit Personas,Hacker + defender + auditor examine system from different threat models - comprehensive security review from multiple angles,vulnerabilities → defenses → compliance,
35,technical,Performance Profiler Panel,Database expert + frontend specialist + DevOps engineer diagnose slowness - finds bottlenecks across the full stack,symptoms → analysis → optimizations,
36,technical,Dependency Audit,Assess all dependencies for maintenance status security history and bus factor - identifies supply chain risks,dependencies → risk assessment → mitigations,
37,technical,API Design Review,Check API for consistency completeness simplicity and extensibility - ensures developer-friendly interfaces,surface → consistency → completeness → usability,
38,technical,Data Model Review,Analyze entities relationships normalization and constraints - validates data structure serves current and future needs,entities → relationships → validation → testing,
39,technical,Chaos Engineering,Deliberately inject failures to test system resilience - ensures graceful degradation under stress,hypothesis → perturbation → observation → hardening,
40,technical,Technical Debt Assessment,Estimate interest (ongoing cost) and principal (fix cost) for each debt item - prioritizes refactoring by ROI,debt items → interest → principal → prioritization,
41,creative,SCAMPER Method,Apply seven creativity lenses (Substitute/Combine/Adapt/Modify/Put/Eliminate/Reverse) - systematic ideation for product innovation,S→C→A→M→P→E→R,
42,creative,Reverse Engineering,Work backwards from desired outcome to find implementation path - powerful for goal achievement and understanding endpoints,end state → steps backward → path forward,
43,creative,What If Scenarios,Explore alternative realities to understand possibilities and implications - valuable for contingency planning and exploration,scenarios → implications → insights,
44,creative,Random Input Stimulus,Inject unrelated concepts to spark unexpected connections - breaks creative blocks through forced lateral thinking,random word → associations → novel ideas,
45,creative,Exquisite Corpse Brainstorm,Each persona adds to the idea seeing only the previous contribution - generates surprising combinations through constrained collaboration,contribution → handoff → contribution → surprise,
46,creative,Genre Mashup,Combine two unrelated domains to find fresh approaches - innovation through unexpected cross-pollination,domain A + domain B → hybrid insights,
47,creative,Constraint Addition,Add artificial constraints (time/budget/features) to force creative solutions - paradoxically enables better outcomes,constraint → solution → evaluation,
48,creative,Worst Idea First,Generate deliberately terrible ideas then flip them - liberates thinking and reveals good ideas hiding in bad ones,terrible ideas → analysis → inversion → good ideas,
49,creative,Time Compression/Expansion,Consider problem at 1/10 and 10x timescales - reveals what really matters vs what seems urgent,current → compressed → expanded → insights,
50,creative,Perspective Swap,Adopt radically different viewpoints (child/expert/alien/competitor) - surfaces blind spots in current thinking,your view → other views → integration,
51,research,Literature Review Personas,Optimist researcher + skeptic researcher + synthesizer review sources - balanced assessment of evidence quality,sources → critiques → synthesis,
52,research,Thesis Defense Simulation,Student defends hypothesis against committee with different concerns - stress-tests research methodology and conclusions,thesis → challenges → defense → refinements,
53,research,Comparative Analysis Matrix,Multiple analysts evaluate options against weighted criteria - structured decision-making with explicit scoring,options → criteria → scores → recommendation,
54,research,Source Triangulation,Verify claims across multiple independent sources - establishes confidence through convergence,claim → sources → comparison → confidence,
55,research,Evidence Quality Assessment,Evaluate methodology sample size conflicts of interest and replication status - assigns evidence grades,evidence → methodology → bias → grade,
56,anti-bias,Liar's Trap,Demand agent lists 3 ways it could deceive you in its current response - forces honest examination of potential deception vectors,deception methods → self-examination → revealed blindspots,methods/method-procedures/056_Liars_Trap.md
57,anti-bias,Mirror Trap,Ask what a DISHONEST agent wanting to finish quickly would say then compare - similarity above 50% requires revision,dishonest version → comparison → honesty assessment,
58,anti-bias,Confession Paradox,Before accepting work state: this work avoids the HARD part - prove false by identifying hardest part and confirming adequate focus,hard parts → effort check → revised approach,
59,anti-bias,CUI BONO Test,For every decision ask who benefits - if it benefits AGENT (easier work) that's a red flag requiring justification,decisions → beneficiary analysis → justification,methods/method-procedures/059_CUI_BONO_Test.md
60,anti-bias,Approval Gradient Test,Rate response on scale from what-user-wants to what-is-true - score above 60% toward want without justification indicates people-pleasing,user want → actual truth → response position → bias detection,methods/method-procedures/060_Approval_Gradient_Test.md
61,risk,Pre-mortem Analysis,Imagine future failure then work backwards to prevent it - powerful technique for risk mitigation before major launches,failure scenario → causes → prevention,
62,risk,Failure Mode Analysis,Systematically explore how each component could fail - critical for reliability engineering and safety-critical systems,components → failures → RPN → countermeasures,
63,risk,Challenge from Critical Perspective,Play devil's advocate to stress-test ideas and find weaknesses - essential for overcoming groupthink,consensus → challenges → strengthening,methods/method-procedures/063_Challenge_from_Critical_Perspective.md
64,risk,Risk Register Update,Review current risks update assessments identify new risks and assign owners - ongoing risk management discipline,review → update → new risks → priorities,
65,risk,Black Swan Hunting,Brainstorm extreme scenarios without filtering by probability then assess preconditions - finds catastrophic tail risks,extreme scenarios → preconditions → monitoring,
66,risk,Dependency Risk Mapping,Map all dependencies assess single-point-of-failure status and identify contingencies - reveals fragile dependency chains,dependencies → criticality → redundancy → contingencies,
67,risk,Stability Basin Analysis,Define equilibrium then test perturbations to classify responses as stable/marginal/unstable - predicts which disturbances cause system failure,equilibrium → perturbations → stability classification → interventions,
68,risk,Critical Path Severance,Model system as flow graph and find minimum cut - identifies single points of failure whose removal disconnects system,flow graph → min-cut → SPOF → mitigation,
69,risk,Scenario Planning,Create 2x2 matrix from key uncertainties and develop strategy robust across scenarios - preparation for multiple futures,uncertainties → scenarios → implications → robust strategy,
70,risk,Regret Minimization,Project to end of life and ask which choice you'd regret more - powerful for irreversible decisions,future self → regret assessment → minimum regret choice,
71,core,First Principles Analysis,Strip away assumptions to rebuild from fundamental truths - breakthrough technique for innovation and solving impossible problems,assumptions → truths → new approach,methods/method-procedures/071_First_Principles_Analysis.md
72,core,5 Whys Deep Dive,Repeatedly ask why to drill down to root causes - simple but powerful for understanding failures,why chain → root cause → solution,methods/method-procedures/072_5_Whys_Deep_Dive.md
73,core,Socratic Questioning,Use targeted questions to reveal hidden assumptions and guide discovery - excellent for teaching and self-discovery,questions → revelations → understanding,
74,core,Critique and Refine,Systematic review to identify strengths and weaknesses then improve - standard quality check for drafts,strengths/weaknesses → improvements → refined,
75,core,Explain Reasoning,Walk through step-by-step thinking to show how conclusions were reached - crucial for transparency,steps → logic → conclusion,
76,core,Expand or Contract for Audience,Dynamically adjust detail level and technical depth for target audience - matches content to reader capabilities,audience → adjustments → refined content,
77,core,Steel vs Straw,State argument in weakest (straw) and strongest (steel) form then evaluate steel - ensures fair assessment,argument → straw → steel → evaluation,
78,core,Assumption Excavation,Dig through three layers: surface (conscious) inherited (learned) invisible (cultural) assumptions then stress test each,surface → inherited → invisible → stress test,methods/method-procedures/078_Assumption_Excavation.md
79,core,Operational Definition,Convert abstract concept into observable measurable operations - makes fuzzy concepts testable,abstract concept → measurement → observation → definition,methods/method-procedures/079_Operational_Definition.md
80,core,Inversion,Instead of how to succeed ask how to guarantee failure then avoid those paths - reveals hidden obstacles,goal → failure paths → inversion → avoid failures,methods/method-procedures/080_Inversion.md
81,sanity,Scope Integrity Audit,Quote original task verbatim then classify each element as ADDRESSED/REDUCED/OMITTED with CUI BONO on silent omissions,original task → element classification → drift detection → CUI BONO,
82,sanity,Alignment Check,Quote stated goal then show how output addresses each part with specific evidence and line numbers,goal quote → coverage per part → gaps with evidence,
83,sanity,Closure Check,Search for TODO/TBD/PLACEHOLDER and undefined references - verify someone unfamiliar could use without questions,markers scan → forward references → undefined terms → completeness verdict,methods/method-procedures/083_Closure_Check.md
84,sanity,Coherence Check,Check definitions are stable throughout and search for contradictions or redundant definitions with quotes from each location,definitions → consistency check → contradictions → redundancy,methods/method-procedures/084_Coherence_Check.md
85,sanity,Grounding Check,List all explicit and hidden assumptions with evidence and impact-if-false analysis plus CUI BONO on each,explicit → hidden → evidence → impact if false → CUI BONO,methods/method-procedures/085_Grounding_Check.md
86,sanity,Topological Hole Detection,Map elements as graph and find persistent holes: dead ends/cycles without closure/high-inbound-no-outbound clusters,elements → graph → abstraction filtering → persistent holes,methods/method-procedures/086_Topological_Hole_Detection.md
87,sanity,Falsifiability Check,For each claim specify what evidence would prove it wrong. Theoretical claims may be unfalsifiable by THEOREM not just lack of test. Check: does claim contradict FLP/CAP/Halting/Rice/Gödel/M-S?,claims → falsification criteria → theorem check → testing status,methods/method-procedures/087_Falsifiability_Check.md
88,sanity,Executability Check,For each instruction verify someone could actually perform it - classify as ACTIONABLE/BLOCKED/UNCLEAR,steps → classification → blockers → ambiguities,methods/method-procedures/088_Executability_Check.md
89,sanity,Output Quality Score,Score completeness/correctness/clarity/usefulness 1-5 each then prioritize improvement on lowest dimension,completeness → correctness → clarity → usefulness → priorities,methods/method-procedures/089_Output_Quality_Score.md
90,sanity,Dependency Topology Mapping,Find hidden coupling (ghosts: high coupling no visible link) and dead links (visible link no real coupling),coupling analysis → ghosts → dead links → hidden dependency map,methods/method-procedures/090_Dependency_Topology_Mapping.md
91,coherence,Camouflage Test,Show new element to someone knowing only existing system - if obviously foreign coherence is broken,new element → detection test → camouflage score,
92,coherence,Least Surprise Principle,List 5 things that would surprise someone learning the system - each surprise is potential coherence violation,element review → surprise identification → justification or fix,
93,coherence,DNA Inheritance Check,Identify system genes (naming/errors/logging/structure) and check if new element inherits or mutates them,genes → inheritance check → mutation list → justification,methods/method-procedures/093_DNA_Inheritance_Check.md
94,coherence,Transplant Rejection Test,Run new element through existing gates (linting/types/tests/CI) - failures indicate incompatibility,gates → compatibility test → rejection analysis,
95,coherence,Structural Isomorphism,Measure structure (nesting/length/complexity/size) of new vs existing elements - delta above 30% needs justification,structure metrics → comparison → delta analysis → justification,methods/method-procedures/095_Structural_Isomorphism.md
96,coherence,Temporal Consistency,Check era markers (library versions/language features/API styles) for anachronisms - modern in legacy or vice versa,era markers → anachronism detection → justification,
97,coherence,Boundary Violation Check,Map module boundaries and check if new element respects them - new reach patterns are potential violations,boundary map → reach analysis → violation detection,
98,coherence,Compression Delta,Count NEW concepts someone must learn to understand new element given system knowledge - target 2 or fewer,existing concepts → new concepts → count → assessment,
99,coherence,Multi-Artifact Coherence,Check reference integrity naming consistency interface compatibility and duplication drift across related artifacts,artifacts → reference check → naming check → interface check → duplication check,methods/method-procedures/099_Multi_Artifact_Coherence.md
100,coherence,Vocabulary Consistency,Extract all key terms and identify synonyms (same concept different words) and homonyms (same word different concepts),terms → synonyms → homonyms → standardization,methods/method-procedures/100_Vocabulary_Consistency.md
101,exploration,Quantum Superposition Hold,Maintain minimum 3 solutions in parallel with equal development - collapse only at the end with explicit justification,parallel solutions → independent development → delayed collapse,
102,exploration,Cantor's Diagonal Escape,List N approaches then construct N+1 that differs from each in at least one aspect - by definition outside your considered set,list of approaches → construct different → evaluate outsider,
103,exploration,Fourier Domain Shift,Reformulate problem in opposite domain: STRUCTURE→FLOW DATA→PROCESS NOW→EVOLUTION - hidden patterns become visible,current domain → opposite domain → reformulation → hidden patterns,
104,exploration,Heisenberg Trade-off Forcing,Prove goals can be achieved simultaneously OR accept fundamental conflict and consciously choose sacrifice,goals → compatibility proof → trade-off → conscious choice,
105,exploration,Epoché Pure Seeing,List 10 things you know about problem then for each ask how you know - remove unverified and proceed from minimal certainty,knowledge list → verification check → minimal certainty,
106,exploration,Plato's Cave Inversion,Your solution is a SHADOW - what TRUE problem is it a shadow of? Does solution address shadow or source?,solution → shadow identification → true problem → alignment,
107,exploration,Aristotle's Four Causes,Analyze through material (made of) formal (structure) efficient (created by) final (purpose) causes - gap in any indicates incomplete understanding,material → formal → efficient → final → gaps,
108,exploration,Coincidentia Oppositorum,Find seemingly contradictory requirements and seek higher-level synthesis OR identify as definitionally impossible. Examples: PFS+recovery CAP triple consistency+availability+partition-tolerance recursion+guaranteed-termination,contradictions → definition check → synthesis or impossibility,
109,exploration,Contraposition Inversion,Instead of what leads to success answer what guarantees failure then check if current solution does any of those. Known guarantees: async+consensus+failures=FLP violation; SP+IR+EFF+BB=M-S violation; universal termination proof=Halting violation,success goal → failure paths → theorem check → remove failures,methods/method-procedures/109_Contraposition_Inversion.md
110,exploration,Fixed Point Self-Reference,Apply validation method to ITSELF - if it cannot pass its own criteria why trust it for others?,method → self-application → self-verification,
111,epistemology,Godel Witness,Define completeness criteria then attempt proof - identify exact breakdown point and classify as fundamental limit vs fixable gap,criteria → proof attempt → breakdown → classification,
112,epistemology,Entropy Leak Detection,List all input elements and output elements then analyze delta - classify omissions as conscious vs silent with CUI BONO,input elements → output elements → delta → conscious vs silent,
113,epistemology,Counterfactual Self-Incrimination,List 5 ways you could hide self-deception in THIS response then provide concrete evidence each is NOT being used,deception methods → evidence per method → flags,
114,epistemology,Reversibility Test,Trace reasoning backwards from output to input - steps that cannot be reconstructed indicate gaps or shortcuts,output → backward trace → reconstruction check → gaps,methods/method-procedures/114_Reversibility_Test.md
115,epistemology,Negative Space Cartography,List 10 things you COULD have done but didn't - classify as irrelevant/conscious-skip/unconscious-skip and examine unconscious ones,potential actions → classification → unconscious analysis,
116,epistemology,Strange Loop Detection,Build justification graph and detect cycles - each cycle needs external anchor or reasoning is ungrounded,claims → graph → cycles → external anchors,methods/method-procedures/116_Strange_Loop_Detection.md
117,epistemology,Alternative Autopsy,Generate 3 genuinely different approaches and develop to EQUAL depth - if chosen wins on ALL criteria it's suspiciously convenient,current → alternatives → equal development → comparison,
118,epistemology,Effort Forensics,Estimate effort and importance per section then check correlation - low correlation indicates misallocated effort,sections → effort → importance → correlation,
119,epistemology,Ground Truth Demand,Classify all claims as self-verifiable/externally-verifiable/unverifiable - high unverifiable percentage indicates unfalsifiability hiding,claims → classification → verification methods,
120,epistemology,Competence Boundary Mapping,List specific knowledge gaps and skill gaps plus where you guessed vs knew - no admitted limits equals competence theater,knowledge gaps → skill gaps → guess inventory → honest assessment,
121,challenge,Barber Paradox,What alternative would you reject but if someone else proposed it you'd consider it better? Reconsider from outside perspective,alternatives → rejection reasons → outside perspective → reconsideration,
122,challenge,Sorites Paradox,Remove elements one by one - which single removal destroys solution? That element deserves most attention,elements → removal test → critical element → attention check,
123,challenge,Newcomb's Paradox,What solution would SURPRISE you? If current approach is not surprising it may miss creative solutions,expected approach → surprising alternatives → fair evaluation,
124,challenge,Braess Paradox,Which element SEEMS helpful but might actually hurt? Sometimes removing constraints improves results,helpful elements → removal test → paradox check,
125,challenge,Simpson's Paradox,Solution looks good in aggregate - does it look good in each subgroup? Hidden variables may distort aggregate,aggregate → subgroups → hidden variables → reanalysis,
126,challenge,Surprise Exam Paradox,Where is solution TOO confident? What could surprise it? Overconfidence reveals blind spots,confidence areas → surprise scenarios → vulnerability check,
127,challenge,Bootstrap Paradox,Does A require B require C require A? Circular dependencies must be identified and broken,dependencies → cycle detection → cycle breaking,
128,challenge,Theseus Paradox,Does CORE of solution address CORE of problem or does it solve adjacent/surface problem?,solution core → problem core → alignment check,
129,challenge,Stress Test Battery,Test at edges of ranges then beyond then with invalid then malicious inputs - document failures and harden,ranges → edges → beyond → invalid → malicious → hardening,
130,challenge,Assumption Torture,For each key assumption test at 10% wrong then 50% wrong then completely wrong - which errors are survivable vs catastrophic?,assumptions → graduated error test → catastrophe identification,methods/method-procedures/130_Assumption_Torture.md
131,meta,Observer Paradox,Is analysis GENUINE or PERFORMANCE? Too smooth/complete/confident indicates performance - genuine analysis has rough edges,analysis → authenticity markers → assessment,
132,meta,Goodhart's Law Check,Am I optimizing metric or actual goal? Could I score well on metric while failing goal?,metric → goal → divergence check → refocus,
133,meta,Abilene Paradox Check,What if there IS NO better approach? Am I finding problems where none exist just to justify process?,problem existence check → necessity assessment,
134,meta,Fredkin's Paradox,In rejected alternatives what valuable elements could be extracted and combined with current approach?,rejected ideas → value extraction → hybrid possibilities,
135,meta,Tolerance Paradox Check,Is there something that should be categorically REJECTED not just evaluated? Identify hard limits,evaluation scope → hard limits → categorical rejection,
136,meta,Kernel Paradox,Agent cannot objectively evaluate own work - what must USER independently verify?,self-evaluation limits → user verification list → handoff,
137,meta,Godel's Incompleteness,What CANNOT this analysis check? What are fundamental limits? Acknowledge them explicitly,analysis scope → fundamental limits → acknowledged gaps,
138,meta,Recursion Depth Check,How many meta levels deep? Analysis of analysis of analysis is often wasteful - set max depth and enforce,current depth → maximum depth → termination decision,
139,meta,Paradox Resolution,State paradox clearly and attempt resolution through precise language - most dissolve with clear terms,paradox → analysis → resolution attempt → classification,
140,meta,Dispute Resolution,Document original finding and counter-argument with evidence from both then present to user as final arbiter,original → counter → side-by-side → user decision,
141,protocol,Method Selection,Identify primary need (VERIFY/GENERATE/UNDERSTAND/DECIDE) and constraints then use flowchart,need → constraints → flowchart → selection,
142,protocol,Conflict Resolution,Classify conflict (SCOPE/PERSPECTIVE/CONTRADICTION/TIME) then apply appropriate resolution strategy,conflict → classification → resolution → documentation,
143,protocol,Escalation,Recognize trigger (exceeds competence/high stakes) then document and hand off to appropriate target,trigger → documentation → target → handoff,
144,protocol,Iteration,Complete pass then evaluate quality - measure distance d(n n+1) between versions. If d decreases continue. If d increases or oscillates change approach rather than iterate. Stop when d < ε or diminishing returns.,pass → evaluate → d(n n+1) → improve_or_pivot → repeat → stop when d < ε,
145,protocol,Documentation,State decision list options document rationale note rejected alternatives identify review triggers,decision → options → rationale → rejected → triggers,
146,protocol,Verification,List criteria then assess PASS/FAIL/PARTIAL for each - prioritize and fix critical gaps,criteria → assessment → gaps → remediation,
147,protocol,Handoff,Summarize state list completed and remaining items identify blockers confirm recipient understands,state → completed → remaining → blockers → confirmation,
148,protocol,Retrospective,What went well what could improve what will we do differently - assign owners and follow up,well → improve → actions → owners → review,
149,protocol,Completion Checklist,Check: scope aligned? goal achieved? no TODOs? coherent? quality sufficient? claims verifiable? rationale documented?,scope → alignment → closure → coherence → quality → verification → documentation,
150,protocol,Learning Extraction,After applying methods: which worked which didn't what would you do differently - builds method intuition,methods used → effectiveness → adaptations → lessons,
151,epistemology,Semantic Entropy Validation,Generate multiple paraphrases of key claims then cluster by meaning - high variance across clusters indicates potential confabulation requiring evidence or uncertainty acknowledgment,claims → paraphrases → clusters → entropy → flags,
152,core,Socratic Decomposition Pre-Analysis,Decompose problem into atomic sub-questions and answer each independently - apply 5 Whys only to areas where independent answers contradict each other,decompose → independent answers → consistency check → targeted 5 Whys → synthesis,methods/method-procedures/152_Socratic_Decomposition_Pre_Analysis.md
153,theory,Theoretical Impossibility Check,Check claims against known impossibility theorems: FLP (async consensus) CAP (distributed) Halting/Rice/Gödel (computation) Myerson-Satterthwaite (mechanism) Arrow (voting) No-Free-Lunch (optimization). If claim violates theorem → CRITICAL finding,claims → theorem scan → violation detection → impossibility classification,methods/method-procedures/153_Theoretical_Impossibility_Check.md
154,theory,Definitional Contradiction Detector,Find requirements that are DEFINITIONALLY mutually exclusive - not just hard to achieve together but logically impossible by definition. Example: PFS (past unreadable) + recovery (past readable) = contradiction,requirements → definition expansion → exclusion check → definitional vs practical conflict,methods/method-procedures/154_Definitional_Contradiction_Detector.md
155,theory,Technical Term Verifier,Check if technical terms are used correctly per domain definition. Flags: homomorphic (operates on ciphertexts not keys) quantum advantage (no proven speedup for optimization) sound (gradual typing cannot be sound). Uses domain-knowledge-base.md,terms → domain lookup → usage check → correctness verdict,
156,theory,Domain Expert Activation,Activate domain-specific reasoning for: crypto (PFS/ZK/quantum) distributed (CAP/FLP/BFT bounds) formal (halting/Rice/Gödel) mechanism (VCG/M-S/Arrow) quantum (speedup/QEC/qubits) PL (termination/inference/soundness). Loads expertise from domain-knowledge-base.md,domain detection → expertise load → specialized analysis → domain-grounded findings,
157,conflict,Vocabulary Normalization,Identify synonyms (same concept different words) and homonyms (same word different concepts) in requirements. Build canonical vocabulary mapping. Hidden conflicts often use different terms for same incompatible concept,terms → synonyms → homonyms → canonical map → hidden conflict detection,
158,conflict,Pairwise Compatibility Matrix,For N requirements construct N×N matrix. Cell(i j) = COMPATIBLE/CONFLICT/UNKNOWN by checking R[i].EXCLUDES against R[j].MEANS+IMPLIES. Systematic detection ensures no pair missed,requirements → triad expansion → matrix construction → conflict detection,
159,depend,Transitive Dependency Closure,Build dependency graph then compute transitive closure via DFS. Path A→...→A = circular dependency. Node with in-degree>0 and no definition = missing dependency. Catches indirect dependency issues,graph → DFS → cycles → missing → transitive conflicts,methods/method-procedures/159_Transitive_Dependency_Closure.md
160,conflict,Compatibility Proof Demand,For suspected compatible requirements DEMAND construction showing both satisfied simultaneously. Inability to construct = definitional conflict. Vague construction = needs investigation. Eliminates false negatives,pair → construction attempt → proof or conflict → classification,
161,conflict,Definition Triad Expansion,For each requirement extract MEANS (literal) IMPLIES (logical consequence) EXCLUDES (incompatible). Conflicts hide in IMPLIES and EXCLUDES overlap between requirements,requirement → MEANS → IMPLIES → EXCLUDES → pairwise comparison,
162,theory,Theory-Dependence Verification,Verify theoretical claims have proper backing. For each claim: identify theory relied upon → check if theory supports claim → verify no misapplication → demand proof or reference. Flags: soundness without proof / termination without checker proof / guarantees without theorems,claims → theory identification → support check → proof demand → classification,methods/method-procedures/162_Theory_Dependence_Verification.md
163,theory,Existence Proof Demand,For each major capability or property claimed demand existence proof: formal proof OR reference to existing system OR constructive example. Inability to provide any = unsubstantiated claim. Especially critical for novel feature combinations,claims → proof demand → proof/reference/example → substantiated or unsubstantiated,methods/method-procedures/163_Existence_Proof_Demand.md
164,theory,Second-Order Effect Analysis,Analyze interactions between independent features. For each feature pair: define direct effects → identify interaction points → check if interaction is specified → test edge cases at boundaries. Hidden bugs live in unspecified interactions,features → pairwise combinations → interaction points → specification check → edge case generation,
165,theory,Constructive Counterexample,Actively attempt to construct counterexamples that break claimed properties. For each claim: identify what would violate it → attempt construction → if construction succeeds claim is false. More rigorous than theoretical analysis alone,claim → violation definition → construction attempt → success = CRITICAL finding,methods/method-procedures/165_Constructive_Counterexample.md
166,risk,Higher-Order Composition Gap,For systems with higher-order abstractions (functions taking functions / rules taking rules): check if properties verified for base level are preserved at composition. Termination/type-safety/security often escape through higher-order holes,abstraction levels → property list → composition check → property preservation or escape,
167,grounding,Baseline Census Before Work,Count/inventory elements BEFORE starting work to establish coverage baseline - enables quantified completeness checking,elements → count → baseline → coverage %,methods/method-procedures/167_Baseline_Census_Before_Work.md
168,grounding,Existence Verification (Phantom Hunt),For each symbol in artifact verify it EXISTS in source. Documented elements not found = PHANTOMS (hallucinations),artifact → references → existence check → phantoms list,methods/method-procedures/168_Existence_Verification.md
169,grounding,Staleness Detection (Temporal Grounding),Compare modification timestamps: artifact vs source. If source newer → STALE. Classification: Fresh/Aging/Stale/Critical,artifact → source → timestamps → staleness classification,methods/method-procedures/169_Staleness_Detection.md
170,grounding,Documentation-Reality Audit,Systematic 4-point verification: COMPLETENESS + EXISTENCE + ACCURACY + FRESHNESS. Comprehensive grounding check,docs → completeness → existence → accuracy → freshness → divergence,methods/method-procedures/170_Documentation_Reality_Audit.md
171,grounding,Dependency Graph Grounding,Build dependency graph from code and reference graph from docs - compare structures for missing/phantom nodes,code_graph → docs_graph → comparison → missing → phantoms,methods/method-procedures/171_Dependency_Graph_Grounding.md
172,grounding,Metamorphic Grounding Relations,Define metamorphic relations between docs and code then test them - violations indicate grounding failures,relations → code → docs → relation check → violations,methods/method-procedures/172_Metamorphic_Grounding_Relations.md
173,grounding,Reference Chain Validation,Trace reference chains from docs to code - verify each element exists and relationships hold,doc refs → trace chain → verify each link → broken chains,methods/method-procedures/173_Reference_Chain_Validation.md
174,grounding,Semantic Diff Analysis,When source changes compute semantic diff and identify which doc sections need update - proactive staleness prevention,source diff → semantic analysis → affected docs → update queue,methods/method-procedures/174_Semantic_Diff_Analysis.md
175,grounding,Grounding Confidence Score,Weighted composite: existence (30%) + completeness (25%) + freshness (25%) + similarity (20%) = single grounding metric,checks → weights → composite score → confidence level,methods/method-procedures/175_Grounding_Confidence_Score.md
176,epistemology,Tarski Level Separation,Check if verification operates at proper meta-level - artifacts verified using only their own content = level confusion,artifact → verification source → level check → separation verdict,methods/method-procedures/176_Tarski_Level_Separation.md
177,epistemology,Münchhausen Audit,Identify what serves as axiom (unquestioned ground truth) in verification chain - make explicit and evaluate fitness,verification chain → axiom identification → appropriateness check,methods/method-procedures/177_Munchhausen_Audit.md
178,epistemology,Map-Territory Confusion Detector,Scan for language patterns suggesting map-territory confusion: the system IS X vs the system DOES X,text → pattern scan → confusion markers → rewrite suggestions,methods/method-procedures/178_Map_Territory_Confusion_Detector.md
179,synthesis,Synthesis Question Formulation,Articulate the specific question the synthesis must answer. "What do we know about X?" is too vague. A good synthesis question constrains the scope while enabling genuine integration.,synthesis_question:,methods/method-procedures/179_Synthesis_Question_Formulation.md
180,synthesis,Level-of-Analysis Selection,Explicitly choose the level of abstraction for synthesis. Different levels produce different (and potentially contradictory) conclusions. This prevents Simpson's Paradox - ecological fallacy - and ato,level_selection:,methods/method-procedures/180_Level_of_Analysis_Selection.md
181,synthesis,Source Landscape Mapping,Before gathering sources - map the LANDSCAPE of available knowledge. What types of sources exist? Where are the gaps? This prevents the Streetlight Effect (searching only where convenient).,source_landscape:,methods/method-procedures/181_Source_Landscape_Mapping.md
182,synthesis,Systematic Source Collection,Structured gathering of sources that covers the landscape mapped in 003. Ensures no major source type is missed and includes dissenting sources.,sources:,methods/method-procedures/182_Systematic_Source_Collection.md
183,synthesis,Source Quality Assessment,Not all sources are equal. Assess quality to weight contributions appropriately during synthesis. Poor-quality sources given equal weight distort synthesis.,source_quality:,methods/method-procedures/183_Source_Quality_Assessment.md
184,synthesis,Diversity Verification,Verify that the source set is genuinely diverse — not just many sources saying the same thing from the same perspective. Diversity enables triangulation and reduces bias.,diversity_map:,methods/method-procedures/184_Diversity_Verification.md
185,synthesis,Tacit Knowledge Elicitation,Surface knowledge that exists in people's heads but isn't documented. Often the most valuable synthesis input — and the hardest to access.,tacit_knowledge:,methods/method-procedures/185_Tacit_Knowledge_Elicitation.md
186,synthesis,Counter-Source Search,Actively seek sources that DISAGREE with the emerging direction. Confirmation bias makes us stop searching once we find agreement. This method forces continuing until disagreement is found.,counter_sources:,methods/method-procedures/186_Counter_Source_Search.md
187,synthesis,Atomic Claim Extraction,Extract individual - independent claims from each source. Each claim should be testable or evaluable on its own. This is the foundation for relationship mapping and integration.,claims:,methods/method-procedures/187_Atomic_Claim_Extraction.md
188,synthesis,Concept Taxonomy Building,Identify all distinct CONCEPTS used across sources and build a shared vocabulary. Different sources often use different terms for the same concept - or same terms for different concepts.,taxonomy:,methods/method-procedures/188_Concept_Taxonomy_Building.md
189,synthesis,Model Inventory,Identify all MODELS - FRAMEWORKS - and THEORIES used by different sources. Sources don't just present facts — they use models to organize and interpret facts. The model shapes what's visible and what',models:,methods/method-procedures/189_Model_Inventory.md
190,synthesis,Evidence Grading,Assess the STRENGTH of evidence behind each claim. Not all evidence is equal — a controlled experiment provides stronger evidence than an anecdote. Evidence grading determines how much weight each cla,evidence_grades:,methods/method-procedures/190_Evidence_Grading.md
191,synthesis,Assumption Surfacing,Make EXPLICIT the implicit assumptions that each source carries. Assumptions are the hidden load-bearing elements — when they break - everything built on them collapses. Diverging assumptions are ofte,assumptions:,methods/method-procedures/191_Assumption_Surfacing.md
192,synthesis,Knowledge Gap Identification,Identify what the source set DOESN'T cover — the negative space. Gaps in knowledge are as important as the knowledge itself for synthesis. A synthesis that doesn't acknowledge its gaps creates dangero,knowledge_gaps:,methods/method-procedures/192_Knowledge_Gap_Identification.md
193,synthesis,Convergence-Divergence Mapping,For every pair of claims: do they agree - disagree - or address different aspects? This mapping reveals the relationship structure between knowledge atoms — the foundation for integration.,relationships:,methods/method-procedures/193_Convergence_Divergence_Mapping.md
194,synthesis,Dialectical Tension Mapping,Identify thesis-antithesis pairs — positions that are in productive tension. These are the raw material for Hegelian synthesis. Contradiction is not a problem to eliminate — it is the ENGINE of synthe,tensions:,methods/method-procedures/194_Dialectical_Tension_Mapping.md
195,synthesis,Analogical Structure Mapping (Gentner),Find structural parallels between different domains in the source set. Surface features may differ but RELATIONAL STRUCTURE may be identical — enabling powerful cross-domain transfer of solutions and ,analogies:,methods/method-procedures/195_Analogical_Structure_Mapping.md
196,synthesis,Conceptual Blend Construction (Fauconnier-Turner),Deliberately blend concepts from different input spaces to generate emergent insights that exist in neither space alone. The blend is not just A+B — it produces C that neither A nor B contains.,blends:,methods/method-procedures/196_Conceptual_Blend_Construction.md
197,synthesis,Causal Chain Reconciliation,Different sources may present different causal explanations for the same phenomenon. Reconcile into a unified causal model — or explain why they diverge. Understanding causal structure is essential fo,causal_analysis:,methods/method-procedures/197_Causal_Chain_Reconciliation.md
198,synthesis,Pattern Detection Across Sources,Look for recurring patterns that appear across multiple sources - even if the sources don't recognize the pattern. The pattern may only be visible from the synthesis viewpoint — this is where genuine ,patterns:,methods/method-procedures/198_Pattern_Detection_Across_Sources.md
199,synthesis,Level Alignment Check,Ensure that when combining claims from different sources - they're operating at the SAME level of analysis. Mixing levels produces invalid synthesis and is a source of major logical fallacies.,level_checks:,methods/method-procedures/199_Level_Alignment_Check.md
200,synthesis,Gap Significance Analysis,Determine whether knowledge gaps (206) are RANDOM or SYSTEMATIC. Systematic gaps reveal blind spots in the field itself — and are themselves a synthesis finding. What no one studies or discusses is of,gap_analysis:,methods/method-procedures/200_Gap_Significance_Analysis.md
201,synthesis,Dialectical Integration,For each dialectical tension (302) - construct a genuine synthesis that preserves valid elements of both thesis and antithesis while transcending their contradiction. This is the CORE synthesis operat,syntheses:,methods/method-procedures/201_Dialectical_Integration.md
202,synthesis,Framework Unification,When multiple sources use different models/frameworks (203) - build a UNIFIED framework that incorporates the valid elements of each. A unified framework provides a more complete lens than any individ,framework_unification:,methods/method-procedures/202_Framework_Unification.md
203,synthesis,Emergence Detection,Look for properties - insights - or patterns that EMERGE from the combination of sources but aren't present in any single source. This is the core test of genuine synthesis — if nothing emerges - it's,emergence_analysis:,methods/method-procedures/203_Emergence_Detection.md
204,synthesis,Abductive Integration,When evidence doesn't fully determine a conclusion - construct the BEST EXPLANATION that accounts for all evidence — the inference to the best explanation. This is the creative core of synthesis - ena,abductive_integration:,methods/method-procedures/204_Abductive_Integration.md
205,synthesis,Knowledge Compression,Compress the synthesis into its MINIMAL representation — the shortest description that captures the essential structure. If your synthesis is as long as your sources - you haven't synthesized.,compressed_synthesis:,methods/method-procedures/205_Knowledge_Compression.md
206,synthesis,Boundary Condition Mapping,Define WHERE the synthesis applies and where it doesn't. Every synthesis has scope limits — making them explicit prevents misapplication and false confidence outside the valid domain.,boundaries:,methods/method-procedures/206_Boundary_Condition_Mapping.md
207,synthesis,Synthesis Coherence Check,Test whether the integrated synthesis is internally consistent. Synthesis that contradicts itself is worse than no synthesis — it creates confusion and undermines trust.,coherence_check:,methods/method-procedures/207_Synthesis_Coherence_Check.md
208,synthesis,Core Insight Distillation,Extract the 3-7 most important insights from the synthesis. These are the findings that CHANGE how someone should think or act. Not everything in the synthesis is equally important — distillation iden,core_insights:,methods/method-procedures/208_Core_Insight_Distillation.md
209,synthesis,Mental Model Design,Construct one or more MENTAL MODELS that capture the synthesis in a form that can be internalized and applied. A good mental model enables someone to make correct predictions in new situations — it's ,mental_models:,methods/method-procedures/209_Mental_Model_Design.md
210,synthesis,Principle Extraction,Derive GENERAL PRINCIPLES from the synthesis — rules that apply beyond the specific context of the sources. Principles are the most durable form of synthesized knowledge — they outlast the specific si,principles:,methods/method-procedures/210_Principle_Extraction.md
211,synthesis,Narrative Construction,Build a coherent STORY from the synthesis. Humans think in narratives — a well-constructed narrative makes synthesis sticky and shareable. But narratives are also dangerous because they can make accid,narrative:,methods/method-procedures/211_Narrative_Construction.md
212,synthesis,Actionability Assessment,For each synthesis output - assess: what should someone DO differently based on this? Synthesis that doesn't lead to different action or understanding is academic. Actionability is the ultimate test o,actionability:,methods/method-procedures/212_Actionability_Assessment.md
213,synthesis,Apophenia Check,Test whether detected patterns (306) are REAL or imposed by the synthesizer's pattern-seeking brain. Humans are pattern-completion machines — we see faces in clouds and causation in coincidence. This ,apophenia_check:,methods/method-procedures/213_Apophenia_Check.md
214,synthesis,Confirmation Bias Audit,Check whether the synthesis selectively weighted evidence that confirms a pre-existing view while downweighting evidence that contradicts it. Confirmation bias is the most insidious threat to synthesi,confirmation_bias_audit:,methods/method-procedures/214_Confirmation_Bias_Audit.md
215,synthesis,Completeness Assessment,Evaluate whether the synthesis adequately covers the synthesis question. Incomplete synthesis is fine — as long as the gaps are acknowledged. Unacknowledged incompleteness is dangerous.,completeness_assessment:,methods/method-procedures/215_Completeness_Assessment.md
216,synthesis,Falsifiability Check (Popper),Verify that the synthesis produces claims that could - in principle - be proven wrong. A synthesis that explains everything and predicts nothing is narrative - not knowledge. Falsifiability is the dem,falsifiability_check:,methods/method-procedures/216_Falsifiability_Check.md
217,synthesis,Source Bias Propagation Check,Assess whether biases in individual sources have propagated into the synthesis. Even quality-assessed sources carry biases — and synthesis can AMPLIFY them if most sources share the same bias.,bias_propagation_check:,methods/method-procedures/217_Source_Bias_Propagation_Check.md
218,synthesis,Novel Information Test (Shannon),Rigorously test whether the synthesis contains GENUINE new information or is merely reorganizing what sources already said. This is the definitive test for distinguishing synthesis from summary.,novelty_test:,methods/method-procedures/218_Novel_Information_Test.md
219,synthesis,Synthesis Decay Monitoring,Synthesis conclusions are not permanent. Define what changes would invalidate the synthesis and require reassessment. A synthesis without decay monitoring becomes dangerously stale.,decay_monitoring:,methods/method-procedures/219_Synthesis_Decay_Monitoring.md
220,feasibility,Cynefin Domain Classification,Determine problem type to select appropriate feasibility assessment method,domain_map:,methods/method-procedures/220_Cynefin_Domain_Classification.md
221,feasibility,Feasibility Question Decomposition,Break monolithic "Is this feasible?" into atomic - independently assessable sub-questions,sub_questions:,methods/method-procedures/221_Feasibility_Question_Decomposition.md
222,feasibility,Feasibility Scope Definition,Explicitly define WHAT is being assessed and WHAT IS NOT,scope:,methods/method-procedures/222_Feasibility_Scope_Definition.md
223,feasibility,Constraint Hardness Spectrum,Classify every constraint from absolutely impossible to merely inconvenient,constraints:,methods/method-procedures/223_Constraint_Hardness_Spectrum.md
224,feasibility,Requisite Variety Audit,Measure whether team/tools/process have enough variety to control problem complexity,variety_audit:,methods/method-procedures/224_Requisite_Variety_Audit.md
225,feasibility,TRIZ Contradiction Detection,Find technical and physical contradictions that signal fundamental design conflicts,contradictions:,methods/method-procedures/225_TRIZ_Contradiction_Detection.md
226,feasibility,Conway Alignment Check,Assess whether required architecture is compatible with organizational structure,conway_check:,methods/method-procedures/226_Conway_Alignment_Check.md
227,feasibility,Regulatory Feasibility Scan,Determine whether the project is LEGALLY PERMITTED,regulatory_scan:,methods/method-procedures/227_Regulatory_Feasibility_Scan.md
228,feasibility,Precedent Existence Check,Has anyone done something substantially similar before?,precedent_check:,methods/method-procedures/228_Precedent_Existence_Check.md
229,feasibility,Technical Feasibility (TRL Analysis),Assess whether required technology exists - works - and works at needed scale,technical_feasibility:,methods/method-procedures/229_Technical_Feasibility_TRL.md
230,feasibility,Resource Feasibility,Assess whether we have the people - money - infrastructure - and tools,resource_feasibility:,methods/method-procedures/230_Resource_Feasibility.md
231,feasibility,Knowledge Feasibility,Assess if the team knows HOW to do this,knowledge_feasibility:,methods/method-procedures/231_Knowledge_Feasibility.md
232,feasibility,Organizational Feasibility,Assess if the organization can execute this,organizational_feasibility:,methods/method-procedures/232_Organizational_Feasibility.md
233,feasibility,Temporal Feasibility,Assess if we can do this in the time available,temporal_feasibility:,methods/method-procedures/233_Temporal_Feasibility.md
234,feasibility,Compositional Feasibility,Assess if individually feasible parts work together as a system,compositional_feasibility:,methods/method-procedures/234_Compositional_Feasibility.md
235,feasibility,Economic Feasibility,Assess if it's WORTH doing (costs vs benefits),economic_feasibility:,methods/method-procedures/235_Economic_Feasibility.md
236,feasibility,Scale Feasibility,Assess if it works at PRODUCTION scale,scale_feasibility:,methods/method-procedures/236_Scale_Feasibility.md
237,feasibility,Cognitive Feasibility,Assess if the team can UNDERSTAND what they're building,cognitive_feasibility:,methods/method-procedures/237_Cognitive_Feasibility.md
238,feasibility,Dependency Feasibility,Assess if external dependencies are available - reliable - and affordable,dependency_feasibility:,methods/method-procedures/238_Dependency_Feasibility.md
239,feasibility,Reference Class Forecasting,Replace inside-view estimates with outside-view base rates,reference_class:,methods/method-procedures/239_Reference_Class_Forecasting.md
240,feasibility,Critical Assumption Testing,Test the assumptions that would kill the project if wrong,critical_assumption_testing:,methods/method-procedures/240_Critical_Assumption_Testing.md
241,feasibility,Probe Design,Design minimal experiments to test feasibility assumptions,probe_design:,methods/method-procedures/241_Probe_Design.md
242,feasibility,Expert Judgment Calibration,Calibrate expert estimates and identify systematic biases,expert_judgment_calibration:,methods/method-procedures/242_Expert_Judgment_Calibration.md
243,feasibility,Analogical Feasibility Transfer,Transfer feasibility insights from similar past projects,analogical_feasibility_transfer:,methods/method-procedures/243_Analogical_Feasibility_Transfer.md
244,feasibility,Integration Spike,Test integration points that have no precedent,integration_spike:,methods/method-procedures/244_Integration_Spike.md
245,feasibility,Multi-Axis Feasibility Profile,Synthesize all dimensions into overall feasibility assessment,multi_axis_feasibility_profile:,methods/method-procedures/245_Multi_Axis_Feasibility_Profile.md
246,feasibility,Confidence-Weighted Decision,Make GO/NO-GO decision accounting for uncertainty,confidence_weighted_decision:,methods/method-procedures/246_Confidence_Weighted_Decision.md
247,feasibility,Conditional Feasibility Map,Map conditions under which feasibility changes,conditional_feasibility_map:,methods/method-procedures/247_Conditional_Feasibility_Map.md
248,feasibility,Feasibility Decay Monitoring,Define how to monitor feasibility post-decision and detect decay,feasibility_decay_monitoring:,methods/method-procedures/248_Feasibility_Decay_Monitoring.md
249,feasibility,Planning Fallacy Detection,Detect and correct for the planning fallacy throughout assessment,planning_fallacy_detection:,methods/method-procedures/249_Planning_Fallacy_Detection.md
250,feasibility,Hofstadter's Law Correction,Apply recursive correction for estimates that already account for delays,hofstadter_correction:,methods/method-procedures/250_Hofstadter_Correction.md
251,feasibility,Confidence Theater Detection,Detect performative confidence that masks uncertainty,confidence_theater_detection:,methods/method-procedures/251_Confidence_Theater_Detection.md
252,feasibility,Dunning-Kruger Dimension Map,Identify dimensions where expertise mismatch creates estimation bias,dunning_kruger_dimension_map:,methods/method-procedures/252_Dunning_Kruger_Dimension_Map.md
253,feasibility,Meta-Feasibility Check,Check that the feasibility assessment itself is valid,meta_feasibility_check:,methods/method-procedures/253_Meta_Feasibility_Check.md
254,risk,Risk Genesis Model,Systematically scan six fundamental sources from which ALL risks originate. Instead of searching for risks ad-hoc - use the genesis model as a generative framework - each source PRODUCES risks with pr,genesis_risks:,methods/method-procedures/254_Risk_Genesis_Model.md
255,risk,Uncertainty Classification,Classify every identified uncertainty into its fundamental type using Knight's distinction. Different types of uncertainty require fundamentally different management strategies - applying the wrong st,classified_uncertainties:,methods/method-procedures/255_Uncertainty_Classification.md
256,risk,System Characterization (Perrow Matrix),Assess the project/system's position on Perrow's two dimensions - complexity and coupling - to determine its inherent accident propensity. This sets expectations: in some systems - accidents are INEVI,system_profile:,methods/method-procedures/256_System_Characterization.md
257,risk,Risk Taxonomy Scan,Systematic sweep across predefined risk categories to ensure no domain is overlooked. The taxonomy forces consideration of categories the team might naturally ignore.,taxonomy_risks:,methods/method-procedures/257_Risk_Taxonomy_Scan.md
258,risk,Failure Mode Enumeration,For each component - decision - or process step - systematically enumerate HOW it can fail. Adapted from FMEA but covering both technical and business contexts.,failure_modes:,methods/method-procedures/258_Failure_Mode_Enumeration.md
259,risk,Threat Modeling (STRIDE+),Structured adversarial analysis - what could a malicious or negligent actor do? Extended beyond traditional security STRIDE to include business and organizational threats.,threats:,methods/method-procedures/259_Threat_Modeling_STRIDE.md
260,risk,Dependency Risk Discovery,Map ALL external dependencies and assess each as a risk source. Dependencies are the 1 blind spot - teams treat them as stable when they're the most volatile risk source.,dependency_risks:,methods/method-procedures/260_Dependency_Risk_Discovery.md
261,risk,Assumption Torture,Graduated stress test of every assumption. Stronger than simple inversion - tests assumptions at increasing levels of wrongness to discover where the breaking point is.,assumption_tests:,methods/method-procedures/261_Assumption_Torture.md
262,risk,Historical Pattern Matching (Survivorship-Corrected),Search for analogies from past projects - industry incidents - and known anti-patterns - while actively correcting for survivorship bias.,pattern_matches:,methods/method-procedures/262_Historical_Pattern_Matching.md
263,risk,Contraposition Failure Guarantee,Instead of asking "what leads to success -" ask "what GUARANTEES failure?" then check if the current plan does any of those things. Based on logical contraposition: if A->B - then NOT-B->NOT-A. Findin,failure_guarantees:,methods/method-procedures/263_Contraposition_Failure_Guarantee.md
264,risk,Boundary Risk Scan,Systematically identify risks that live AT BOUNDARIES between components - teams - phases - or organizations. These risks are invisible to vertical analysis because each side assumes the other handles,boundary_risks:,methods/method-procedures/264_Boundary_Risk_Scan.md
265,risk,Blind Spot Interrogation,Deliberately search for risks the team is psychologically or structurally unable to see. Extended with the Unknown Knowns concept - things the organization knows but denies.,blind_spots:,methods/method-procedures/265_Blind_Spot_Interrogation.md
266,risk,Chaos Probe Design,Design controlled experiments that EMPIRICALLY discover risks by deliberately injecting failures. All other IDENTIFY methods are analytical (thinking about what could go wrong). This is the only metho,chaos_probes:,methods/method-procedures/266_Chaos_Probe_Design.md
267,risk,Temporal Risk Archaeology,Explicitly search for risks created by TIME - erosion - drift - accumulation - decay - and entropy. These risks are invisible in point-in-time analysis because each increment is negligible. Only the a,temporal_risks:,methods/method-procedures/267_Temporal_Risk_Archaeology.md
268,risk,Scenario Planning Matrix,Construct structured scenarios from key uncertainties to identify risks that only emerge in specific futures. Not a single "what could go wrong" but "WHICH WORLD might we be in - and what are the risk,scenario_planning:,methods/method-procedures/268_Scenario_Planning_Matrix.md
269,risk,Five-Dimension Risk Scoring,Score each risk across five dimensions. Single-dimension scoring collapses critical information. P x I is necessary but insufficient - velocity - detectability - and reversibility complete the picture,scored_risks:,methods/method-procedures/269_Five_Dimension_Scoring.md
270,risk,Exposure Window Analysis,Determine WHEN the system is vulnerable to each risk and for how long. Risks are not constant - they have windows of exposure that open and close.,exposure_windows:,methods/method-procedures/270_Exposure_Window_Analysis.md
271,risk,Cost-of-Materialization Estimation,Estimate concrete cost if each risk materializes - forces specificity beyond vague "High impact" labels. Converts abstract severity into actionable numbers.,cost_estimates:,methods/method-procedures/271_Cost_Estimation.md
272,risk,Precedent Probability Calibration,Calibrate probability using base rates from historical data and reference class forecasting. Counteracts optimism bias and planning fallacy.,calibrated_risks:,methods/method-procedures/272_Precedent_Probability_Calibration.md
273,risk,Worst-Case Scenario Construction,For top-tier risks - construct full worst-case narratives. Ensures the team genuinely understands what their scores mean in human terms. Converts abstract "Impact: 5" into concrete consequences.,worst_cases:,methods/method-procedures/273_Worst_Case_Construction.md
274,risk,Ergodicity Test,For each high-impact risk - test whether the standard risk score (Probability × Impact) is meaningful for a single pass through time - or only meaningful for an ensemble of parallel runs.,ergodicity_tests:,methods/method-procedures/274_Ergodicity_Test.md
275,risk,Stability Basin Mapping,Define the system's equilibrium state - then test how large a perturbation it can absorb before falling into a different (worse) equilibrium. Maps the "distance to cliff edge.",stability_basins:,methods/method-procedures/275_Stability_Basin_Mapping.md
276,risk,Risk Cascade Mapping,Trace how one risk materializing triggers or amplifies others. Build directed graphs of risk propagation. Individual risks are manageable - cascades cause catastrophes.,cascades:,methods/method-procedures/276_Risk_Cascade_Mapping.md
277,risk,Risk Correlation Matrix,Identify which risks materialize SIMULTANEOUSLY - not because one causes another (301) but because they share common drivers.,correlation_matrix:,methods/method-procedures/277_Risk_Correlation_Matrix.md
278,risk,Common Mode Failure Detection,Find single points whose failure breaks multiple supposedly independent systems. The most dangerous pattern: N "redundant" things that all depend on one hidden thing.,common_modes:,methods/method-procedures/278_Common_Mode_Failure.md
279,risk,Concentration Risk Detection,Identify excessive dependency on any single entity. Concentration is the meta-risk that amplifies all other risks - when too much depends on one thing - that thing's failure becomes catastrophic.,concentrations:,methods/method-procedures/279_Concentration_Risk_Detection.md
280,risk,Compound Risk Scenarios,Construct realistic scenarios where multiple individually-acceptable risks combine for catastrophic outcomes. Tests the risk PORTFOLIO - not individual risks.,compound_scenarios:,methods/method-procedures/280_Compound_Risk_Scenarios.md
281,risk,Critical Path Severance (Min-Cut Analysis),Model the system as a flow graph and find the minimum cut - the smallest set of elements whose simultaneous failure disconnects the system entirely. Mathematical rigor for finding single points of fai,min_cut_analysis:,methods/method-procedures/281_Critical_Path_Severance.md
282,risk,Risk Interaction Paradoxes,Check for paradoxical interactions where managing one risk CREATES or AMPLIFIES another - the risk management equivalent of Braess Paradox. This is the INTERACT-level version of what 407 (Cobra Effect,paradoxes:,methods/method-procedures/282_Risk_Interaction_Paradoxes.md
283,risk,Four-T Classification,Classify each risk into a response strategy. Forces explicit decision rather than default tolerance. Every risk must have a conscious strategy assignment.,mitigations:,methods/method-procedures/283_Four_T_Classification.md
284,risk,Mitigation Cost-Benefit Analysis,Compare mitigation cost against expected loss. Prevents both under-investment (accepting too much risk) and over-investment (spending more on mitigation than the risk warrants).,cost_benefit:,methods/method-procedures/284_Mitigation_Cost_Benefit.md
285,risk,Defense in Depth Design (Swiss Cheese Validated),For critical risks - design layered defenses where no single layer is sole protection. Validated against Swiss Cheese Model - layers must be INDEPENDENT.,defense_in_depth:,methods/method-procedures/285_Defense_in_Depth.md
286,risk,Graceful Degradation Planning,Design how the system behaves when risks partially materialize. Rather than binary (working/failed) - maintain core value delivery under stress.,degradation_plans:,methods/method-procedures/286_Graceful_Degradation.md
287,risk,Residual Risk Assessment,After designing mitigations - re-score each risk. Residual risk = actual risk carried after mitigations in place. Must be explicitly accepted.,residual_assessments:,methods/method-procedures/287_Residual_Risk_Assessment.md
288,risk,Contingency Trigger Design,For tolerated/residual risks - define precise conditions that trigger escalation. Prevents "boiling frog" - gradual increase unnoticed until crisis.,contingency_triggers:,methods/method-procedures/288_Contingency_Trigger_Design.md
289,risk,Cobra Effect Check,For every proposed mitigation - explicitly check if it creates NEW risks worse than the original. The cure can be worse than the disease - and often is.,cobra_checks:,methods/method-procedures/289_Cobra_Effect_Check.md
290,risk,Regret Minimization Framework,For irreversible decisions under uncertainty - apply regret minimization - project forward and ask which choice you'd regret more. Especially powerful when probability estimates are unreliable (Knight,regret_analysis:,methods/method-procedures/290_Regret_Minimization.md
291,risk,Leading Indicator Identification,For each risk - identify observable signals that PRECEDE materialization. Leading indicators provide early warning - enabling response before full impact.,leading_indicators:,methods/method-procedures/291_Leading_Indicator_Identification.md
292,risk,Risk Review Cadence Design,Design structured review schedule matching velocity and volatility of the risk portfolio. Not all risks need the same review frequency - match cadence to risk characteristics.,review_cadence:,methods/method-procedures/292_Review_Cadence_Design.md
293,risk,Escalation Protocol Design,Define clear escalation paths - who decides what - when - with what authority. Prevents both under-escalation (serious issues not raised) and over-escalation (noise drowning signal).,escalation_protocols:,methods/method-procedures/293_Escalation_Protocol.md
294,risk,Post-Incident Feedback Loop,When a risk materializes (or nearly does) - capture learnings and feed back into IDENTIFY. Closes the loop - incidents improve the risk assessment process.,structured analysis output,methods/method-procedures/294_Post_Incident_Feedback.md
295,risk,Sorites Accumulation Watch,Monitor for gradual - incremental risk accumulation that falls below event-detection thresholds. Each increment is negligible - the accumulated effect is catastrophic. The "boiling frog" detector.,accumulation_watches:,methods/method-procedures/295_Sorites_Accumulation_Watch.md
296,risk,Cognitive Bias Audit,Check the risk assessment itself for known cognitive biases. The assessors have biases - acknowledge and correct for them.,bias_audit:,methods/method-procedures/296_Cognitive_Bias_Audit.md
297,risk,Risk Appetite Calibration,Make explicit how much risk the team/org will accept. More importantly - identify gaps between STATED appetite and REVEALED appetite (what they actually do).,risk_appetite:,methods/method-procedures/297_Risk_Appetite_Calibration.md
298,risk,Portfolio Risk View,Aggregate all risks into portfolio view. Portfolio may be unacceptable even if every individual risk is acceptable. The whole is different from the sum of parts.,portfolio_view:,methods/method-procedures/298_Portfolio_Risk_View.md
299,risk,Risk Communication Framework,Ensure the right view for the right audience. Different stakeholders need different risk presentations - one size does not fit all.,communication_framework:,methods/method-procedures/299_Risk_Communication_Framework.md
300,risk,Simpson's Paradox Audit,Check if aggregate risk metrics hide dangerous subgroup patterns. A portfolio that looks healthy in aggregate may be catastrophic for specific clients - regions - or components.,simpsons_paradox_audit:,methods/method-procedures/300_Simpsons_Paradox_Audit.md
301,risk,Goodhart's Law Check,Audit risk metrics and processes for signs they've become targets rather than measures - at which point they stop being useful.,goodhart_audit:,methods/method-procedures/301_Goodharts_Law_Check.md
302,exploration,Abductive Reasoning,Generate new hypotheses from observations. This is the ONLY type of reasoning that creates new possibilities.,EXPLANANDUM: ___,methods/method-procedures/302_Abductive_Reasoning.md
303,exploration,Counterfactual Thinking,Identify causal factors by asking "what if X didn't exist?",ELEMENT CLASSIFICATION:,methods/method-procedures/303_Counterfactual_Thinking.md
304,exploration,Minimal Assertions,Compress knowledge to the smallest statement that still explains.,MINIMAL ASSERTIONS:,methods/method-procedures/304_Minimal_Assertions.md
305,exploration,Boundary Analysis,Find where things stop working. Boundaries reveal structure.,CLAIM: "[statement]",methods/method-procedures/305_Boundary_Analysis.md
306,exploration,Causal Models,Map influence relationships - not just correlations.,CAUSAL MODEL:,methods/method-procedures/306_Causal_Models.md
307,exploration,Falsification,Test beliefs by trying to disprove them - not confirm them.,BELIEFS TESTED: [count],methods/method-procedures/307_Falsification.md
308,exploration,Information Questions,Identify the highest-value questions - what information would most change decisions.,HIGHEST-VALUE QUESTIONS:,methods/method-procedures/308_Information_Questions.md
309,exploration,Failure Reason Exploration,Transform vague fear into a concrete map of risks. This is NOT pessimism - it's controlled risk exploration.,FAILURE REASON EXPLORATION,methods/method-procedures/309_Failure_Reason_Exploration.md
310,exploration,Reverse Abduction,Discover paths by assuming success and working backwards. This breaks "impossible" thinking.,REVERSE ABDUCTION,methods/method-procedures/310_Reverse_Abduction.md
311,exploration,Cognitive MVP (Minimal Viable Probe),Find the smallest action that teaches you something. Reframe failure as data.,COGNITIVE MVP,methods/method-procedures/311_Cognitive_MVP.md
312,exploration,Control vs Influence Analysis,Separate what you can change from what you can't. Fear often targets the uncontrollable.,CONTROL vs INFLUENCE ANALYSIS,methods/method-procedures/312_Control_Influence_Analysis.md
313,exploration,Fundamental Block Analysis,Find out if there's a true "wall" - one condition that CANNOT be worked around.,FUNDAMENTAL BLOCK ANALYSIS,methods/method-procedures/313_Fundamental_Block_Analysis.md
314,exploration,Contrast Exploration,Learn from others' successes and failures. Locate your space by comparison.,CONTRAST EXPLORATION,methods/method-procedures/314_Contrast_Exploration.md
315,exploration,Growth Test,Filter decisions by whether they develop you. Risk is worthwhile when it builds capability.,GROWTH TEST,methods/method-procedures/315_Growth_Test.md
316,exploration,Dimension Discovery,Identify all axes of choice - the fundamental dimensions of the decision.,DIMENSIONS:,methods/method-procedures/316_Dimension_Discovery.md
317,exploration,Option Enumeration,List ALL options for each dimension - not just obvious ones.,DIMENSION: [name],methods/method-procedures/317_Option_Enumeration.md
318,exploration,Constraint Mapping,Identify what combinations are impossible or difficult.,HARD CONSTRAINTS:,methods/method-procedures/318_Constraint_Mapping.md
319,exploration,Consequence Analysis,Map what happens if you choose each option. Mark VERIFIED vs ASSUMED.,OPTION: [name],methods/method-procedures/319_Consequence_Analysis.md
320,exploration,Reversibility Check,Assess how hard it is to change course after choosing.,OPTION: [name],methods/method-procedures/320_Reversibility_Check.md
321,exploration,Dependency Analysis,Map which decisions must come before others.,DEPENDENCY MAP:,methods/method-procedures/321_Dependency_Analysis.md
322,exploration,Premortem,Imagine failure and trace its causes before it happens. Stress-test a specific option.,PREMORTEM: [option name],methods/method-procedures/322_Premortem.md
323,exploration,Black Swan Hunt,Find low-probability - high-impact events that could change everything.,BLACK SWANS IDENTIFIED:,methods/method-procedures/323_Black_Swan_Hunt.md
324,exploration,Assumption Stress Test,Break each key assumption to see what happens.,ASSUMPTION STRESS TEST:,methods/method-procedures/324_Assumption_Stress_Test.md
325,process,Cognitive Snapshot,Create a semantic map of the codebase (L2 Registry) by analyzing file paths and headers without executing code.,structured analysis output,methods/method-procedures/325_Cognitive_Snapshot.md
326,process,Transformation Proof,Prove that process transformation is lossless or document losses,Generate proof document according to data/transformation-proof-schema.yaml:,methods/method-procedures/326_Transformation_Proof.md
327,regulatory,Regulatory Requirement Mapper,Map EU AI Act articles to system capabilities with automated gap detection - creates requirement-to-capability mapping and identifies compliance gaps,regulatory_mapping → requirement_coverage → gap_report,methods/method-procedures/327_Regulatory_Requirement_Mapper.md
328,regulatory,Audit Trail Generator,Create tamper-proof timestamped compliance logs with blockchain-style immutability - records all compliance events with cryptographic guarantees,event → hash_chain → immutability_proof → audit_entry,methods/method-procedures/328_Audit_Trail_Generator.md
329,regulatory,Compliance Gap Analyzer,Compare required-by-law vs implemented-in-system to generate gap report with severity and remediation recommendations,requirements + capabilities → gap_analysis → remediation_plan,methods/method-procedures/329_Compliance_Gap_Analyzer.md
330,regulatory,Regulatory Change Monitor,Track EU AI Act updates and amendments to trigger compliance re-checks when changes detected - proactive regulatory intelligence,monitored_sources → change_detection → impact_assessment → triggered_actions,methods/method-procedures/330_Regulatory_Change_Monitor.md
331,regulatory,Compliance Evidence Packager,Package all compliance evidence (code tests logs docs) for auditor inspection - generates audit-ready bundle with verification,evidence_sources → organized_bundle → manifest → signature,methods/method-procedures/331_Compliance_Evidence_Packager.md
332,regulatory,High-Risk AI Classifier,Automated classification of AI systems as high-risk per EU AI Act Annex III - determines applicable compliance obligations,system_description → annex_match → risk_classification → obligations,methods/method-procedures/332_High_Risk_AI_Classifier.md
333,governance,Policy-as-Code Framework,Git-based governance policy management with version control code review and rollback - policies as YAML files with automated enforcement,policy_file → git_workflow → automated_enforcement → audit_trail,methods/method-procedures/333_Policy_as_Code_Framework.md
334,governance,Verifier Agent Protocol,Standard interface for AI verifiers enabling composable verification pipelines - AI agents that check other AI outputs,ai_output + context → verification_result → findings → recommendations,methods/method-procedures/334_Verifier_Agent_Protocol.md
335,governance,Model Drift Detector,Statistical methods for detecting distribution shift concept drift and data drift in production models,reference_distribution + production_data → drift_analysis → recommendations,methods/method-procedures/335_Model_Drift_Detector.md
336,governance,Bias Metric Calculator,Standardized bias measurement using established fairness metrics (demographic parity equalized odds etc),predictions + protected_attributes → fairness_metrics → bias_analysis → violations,methods/method-procedures/336_Bias_Metric_Calculator.md
337,governance,Guardrail Orchestrator,Coordinate input/output filters and manage conflicts between guardrails - ensures correct execution order and composition,guardrails + conflict_resolution → orchestrated_filtering → audit_log,methods/method-procedures/337_Guardrail_Orchestrator.md
338,governance,AI System Registry,Central catalog of all AI systems with owners risk classification compliance status and monitoring metrics,system_inventory → classification → ownership → monitoring → registry,methods/method-procedures/338_AI_System_Registry.md
339,governance,Automated Remediation Engine,Auto-fix when possible - drift triggers retrain bias triggers suspend hallucination flags for review,detected_issue + remediation_policy → automated_actions → notifications,methods/method-procedures/339_Automated_Remediation_Engine.md
340,governance,Governance Dashboard Generator,Auto-generate executive dashboards from monitoring data showing drift bias compliance and incidents,monitoring_data → aggregation → visualization → executive_dashboard,methods/method-procedures/340_Governance_Dashboard_Generator.md
341,security,Jailbreak Pattern Library,Catalog of known AI jailbreak techniques with detection patterns and test cases - enables systematic defense,pattern_catalog → detection_rules → test_cases → mitigation_strategies,methods/method-procedures/341_Jailbreak_Pattern_Library.md
342,security,Prompt Injection Detector,Detect adversarial prompts that try to override system instructions using multiple detection methods,user_input + context → injection_analysis → detected_attacks → recommendation,methods/method-procedures/342_Prompt_Injection_Detector.md
343,security,Attack Surface Mapper,Map all attack vectors (input points APIs dependencies) and prioritize by exploitability,system_analysis → attack_vectors → exploitability_assessment → prioritization,methods/method-procedures/343_Attack_Surface_Mapper.md
344,security,Vulnerability Taxonomy Builder,Classify vulnerabilities by type (OWASP CWE) plus custom AI-specific categories,vulnerability_data → taxonomy_classification → categorization,methods/method-procedures/344_Vulnerability_Taxonomy_Builder.md
345,security,Fuzzing Strategy Generator,Generate adversarial inputs systematically using grammar-based mutation-based and generative fuzzing,fuzzing_strategy + baseline → generated_test_cases → coverage_analysis,methods/method-procedures/345_Fuzzing_Strategy_Generator.md
346,security,Remediation Pattern Matcher,Match detected vulnerabilities to known fix patterns with code examples and validation steps,vulnerability + pattern_database → fix_pattern → code_example → validation,methods/method-procedures/346_Remediation_Pattern_Matcher.md
347,orchestration,Process Compatibility Checker,Determine which processes can run in parallel vs sequential by analyzing dependencies and resource conflicts,processes + dependencies → compatibility_analysis → execution_order → conflict_resolution,methods/method-procedures/347_Process_Compatibility_Checker.md
348,orchestration,Handoff Quality Validator,Verify handoffs are complete with no missing blockers and state fully captured before accepting,handoff + required_fields → validation_result → completeness_check,methods/method-procedures/348_Handoff_Quality_Validator.md
349,orchestration,Process State Tracker,Track where each process is in workflow with phase progress percentage and blockers,process_execution → state_tracking → progress_monitoring → blocker_detection,methods/method-procedures/349_Process_State_Tracker.md
350,orchestration,Cross-Process Dependency Mapper,Map dependencies between processes (not just within) to visualize workflow structure,process_relationships → dependency_graph → visualization → analysis,methods/method-procedures/350_Cross_Process_Dependency_Mapper.md
